{
    "AWSTemplateFormatVersion": "2010-09-09",
    "Outputs": {
        "NetDevOneEC2IP": {
            "Description": "Private (Internal) IP of the EC2 Instance in the NetDevOne VPC for testing purposes.",
            "Value": {
                "Fn::GetAtt": [
                    "NetDevOneEC2",
                    "PrivateIp"
                ]
            }
        },
        "NetDevTwoEC2IP": {
            "Description": "Private (Internal) IP of the EC2 Instance in the NetDevTwo VPC for testing purposes.",
            "Value": {
                "Fn::GetAtt": [
                    "NetDevTwoEC2",
                    "PrivateIp"
                ]
            }
        },
        "NetDevThreeEC2IP": {
            "Description": "Private (Internal) IP of the EC2 Instance in the NetDevTwo VPC for testing purposes.",
            "Value": {
                "Fn::GetAtt": [
                    "NetDevThreeEC2",
                    "PrivateIp"
                ]
            }
        }
    },
    "Resources": {
        "NetDevOneEC2": {
            "Type": "AWS::EC2::Instance",
            "Properties": {
                "InstanceType": "t2.micro",
                "ImageId": "ami-00e8b55a2e841be44",
                "SubnetId": {
                    "Ref": "NetDevOneSubnetOne"
                },
                "KeyName": "NetDevKeys",
                "SecurityGroupIds": [
                    {
                        "Ref": "NetDevOneSG"
                    }
                ]
            }
        },
        "NetDevTwoEC2": {
            "Type": "AWS::EC2::Instance",
            "Properties": {
                "InstanceType": "t2.micro",
                "ImageId": "ami-00e8b55a2e841be44",
                "SubnetId": {
                    "Ref": "NetDevTwoSubnetOne"
                },
                "SecurityGroupIds": [
                    {
                        "Ref": "NetDevTwoSG"
                    }
                ]
            }
        },
        "NetDevOneVPC": {
            "Type": "AWS::EC2::VPC",
            "Properties": {
                "CidrBlock": "10.1.0.0/16",
                "EnableDnsHostnames": true
            }
        },
        "NDOneVPCGateway": {
            "Type": "AWS::EC2::InternetGateway",
            "Properties": {}
        },
        "NDOneGatewayAttach": {
            "Type": "AWS::EC2::VPCGatewayAttachment",
            "Properties": {
                "InternetGatewayId": {
                    "Ref": "NDOneVPCGateway"
                },
                "VpcId": {
                    "Ref": "NetDevOneVPC"
                }
            }
        },
        "NetDevTwoVPC": {
            "Type": "AWS::EC2::VPC",
            "Properties": {
                "CidrBlock": "10.2.0.0/16",
                "EnableDnsHostnames": true
            }
        },
        "NetDevThreeVPC": {
            "Type": "AWS::EC2::VPC",
            "Properties": {
                "CidrBlock": "10.3.0.0/16",
                "EnableDnsHostnames": true
            }
        },
        "NetDevThreeSubnetOne": {
            "Type": "AWS::EC2::Subnet",
            "Properties": {
                "CidrBlock": "10.3.0.0/24",
                "MapPublicIpOnLaunch": true,
                "VpcId": {
                    "Ref": "NetDevThreeVPC"
                }
            }
        },
        "NetDevVPCPeerThreeToOne": {
            "Type": "AWS::EC2::VPCPeeringConnection",
            "Properties": {
                "PeerVpcId": {
                    "Ref": "NetDevOneVPC"
                },
                "VpcId": {
                    "Ref": "NetDevThreeVPC"
                }
            }
        },
        "NetDevThreeRouteTable": {
            "Type": "AWS::EC2::RouteTable",
            "Properties": {
                "VpcId": {
                    "Ref": "NetDevThreeVPC"
                }
            }
        },
        "NetDevThreeRouteToOne": {
            "Type": "AWS::EC2::Route",
            "Properties": {
                "RouteTableId": {
                    "Ref": "NetDevThreeRouteTable"
                },
                "DestinationCidrBlock": "10.1.0.0/16",
                "VpcPeeringConnectionId": {
                    "Ref": "NetDevVPCPeerThreeToOne"
                }
            }
        },
        "NetDevThreeEC2": {
            "Type": "AWS::EC2::Instance",
            "Properties": {
                "InstanceType": "t2.micro",
                "ImageId": "ami-00e8b55a2e841be44",
                "SubnetId": {
                    "Ref": "NetDevThreeSubnetOne"
                },
                "KeyName": "NetDevKeys",
                "SecurityGroupIds": [
                    {
                        "Ref": "NetDevThreeSG"
                    }
                ]
            }
        },
        "NetDevThreeSG": {
            "Type": "AWS::EC2::SecurityGroup",
            "Properties": {
                "GroupDescription": "NetDev SG",
                "VpcId": {
                    "Ref": "NetDevThreeVPC"
                },
                "SecurityGroupEgress": [
                    {
                        "IpProtocol": "tcp",
                        "FromPort": 22,
                        "ToPort": 22,
                        "CidrIp": "0.0.0.0/0"
                    },
                    {
                        "IpProtocol": "tcp",
                        "FromPort": 80,
                        "ToPort": 80,
                        "CidrIp": "0.0.0.0/0"
                    },
                    {
                        "IpProtocol": "icmp",
                        "FromPort": -1,
                        "ToPort": -1,
                        "CidrIp": "0.0.0.0/0"
                    }
                ],
                "SecurityGroupIngress": [
                    {
                        "IpProtocol": "tcp",
                        "FromPort": 22,
                        "ToPort": 22,
                        "CidrIp": "0.0.0.0/0"
                    },
                    {
                        "IpProtocol": "tcp",
                        "FromPort": 80,
                        "ToPort": 80,
                        "CidrIp": "0.0.0.0/0"
                    },
                    {
                        "IpProtocol": "icmp",
                        "FromPort": -1,
                        "ToPort": -1,
                        "CidrIp": "0.0.0.0/0"
                    }
                ]
            }
        },
        "NetDevOneSubnetOne": {
            "Type": "AWS::EC2::Subnet",
            "Properties": {
                "CidrBlock": "10.1.0.0/24",
                "MapPublicIpOnLaunch": true,
                "VpcId": {
                    "Ref": "NetDevOneVPC"
                }
            }
        },
        "NetDevTwoSubnetOne": {
            "Type": "AWS::EC2::Subnet",
            "Properties": {
                "CidrBlock": "10.2.0.0/24",
                "MapPublicIpOnLaunch": true,
                "VpcId": {
                    "Ref": "NetDevTwoVPC"
                }
            }
        },
        "NetDevVPCPeer": {
            "Type": "AWS::EC2::VPCPeeringConnection",
            "Properties": {
                "PeerVpcId": {
                    "Ref": "NetDevTwoVPC"
                },
                "VpcId": {
                    "Ref": "NetDevOneVPC"
                }
            }
        },
        "NetDevOneRouteTable": {
            "Type": "AWS::EC2::RouteTable",
            "Properties": {
                "VpcId": {
                    "Ref": "NetDevOneVPC"
                }
            }
        },
        "NetDevOneRTAssoc": {
            "Type": "AWS::EC2::SubnetRouteTableAssociation",
            "Properties": {
                "RouteTableId": {
                    "Ref": "NetDevOneRouteTable"
                },
                "SubnetId": {
                    "Ref": "NetDevOneSubnetOne"
                }
            }
        },
        "NetDevTwoRouteTable": {
            "Type": "AWS::EC2::RouteTable",
            "Properties": {
                "VpcId": {
                    "Ref": "NetDevTwoVPC"
                }
            }
        },
        "NetDevTwoRTAssoc": {
            "Type": "AWS::EC2::SubnetRouteTableAssociation",
            "Properties": {
                "RouteTableId": {
                    "Ref": "NetDevTwoRouteTable"
                },
                "SubnetId": {
                    "Ref": "NetDevTwoSubnetOne"
                }
            }
        },
        "NetDevOneRouteToTwo": {
            "Type": "AWS::EC2::Route",
            "Properties": {
                "RouteTableId": {
                    "Ref": "NetDevOneRouteTable"
                },
                "DestinationCidrBlock": "10.2.0.0/16",
                "VpcPeeringConnectionId": {
                    "Ref": "NetDevVPCPeer"
                }
            }
        },
        "NetDevOneRouteToThree": {
            "Type": "AWS::EC2::Route",
            "Properties": {
                "RouteTableId": {
                    "Ref": "NetDevOneRouteTable"
                },
                "DestinationCidrBlock": "10.3.0.0/16",
                "VpcPeeringConnectionId": {
                    "Ref": "NetDevVPCPeer"
                }
            }
        },
        "NetDevTwoRouteToOne": {
            "Type": "AWS::EC2::Route",
            "Properties": {
                "RouteTableId": {
                    "Ref": "NetDevTwoRouteTable"
                },
                "DestinationCidrBlock": "10.1.0.0/16",
                "VpcPeeringConnectionId": {
                    "Ref": "NetDevVPCPeer"
                }
            }
        },
        "NetDevOneSG": {
            "Type": "AWS::EC2::SecurityGroup",
            "Properties": {
                "GroupDescription": "NetDev SG",
                "VpcId": {
                    "Ref": "NetDevOneVPC"
                },
                "SecurityGroupEgress": [
                    {
                        "IpProtocol": "tcp",
                        "ToPort": 22,
                        "FromPort": 22,
                        "CidrIp": "0.0.0.0/0"
                    },
                    {
                        "IpProtocol": "tcp",
                        "FromPort": 80,
                        "ToPort": 80,
                        "CidrIp": "0.0.0.0/0"
                    },
                    {
                        "IpProtocol": "icmp",
                        "FromPort": -1,
                        "ToPort": -1,
                        "CidrIp": "0.0.0.0/0"
                    }
                ],
                "SecurityGroupIngress": [
                    {
                        "IpProtocol": "tcp",
                        "ToPort": 22,
                        "FromPort": 22,
                        "CidrIp": "0.0.0.0/0"
                    },
                    {
                        "IpProtocol": "tcp",
                        "FromPort": 80,
                        "ToPort": 80,
                        "CidrIp": "0.0.0.0/0"
                    },
                    {
                        "IpProtocol": "icmp",
                        "FromPort": -1,
                        "ToPort": -1,
                        "CidrIp": "0.0.0.0/0"
                    }
                ]
            }
        },
        "NetDevTwoSG": {
            "Type": "AWS::EC2::SecurityGroup",
            "Properties": {
                "GroupDescription": "NetDev SG",
                "VpcId": {
                    "Ref": "NetDevTwoVPC"
                },
                "SecurityGroupEgress": [
                    {
                        "IpProtocol": "tcp",
                        "FromPort": 22,
                        "ToPort": 22,
                        "CidrIp": "0.0.0.0/0"
                    },
                    {
                        "IpProtocol": "tcp",
                        "FromPort": 80,
                        "ToPort": 80,
                        "CidrIp": "0.0.0.0/0"
                    },
                    {
                        "IpProtocol": "icmp",
                        "FromPort": -1,
                        "ToPort": -1,
                        "CidrIp": "0.0.0.0/0"
                    }
                ],
                "SecurityGroupIngress": [
                    {
                        "IpProtocol": "tcp",
                        "FromPort": 22,
                        "ToPort": 22,
                        "CidrIp": "0.0.0.0/0"
                    },
                    {
                        "IpProtocol": "tcp",
                        "FromPort": 80,
                        "ToPort": 80,
                        "CidrIp": "0.0.0.0/0"
                    },
                    {
                        "IpProtocol": "icmp",
                        "FromPort": -1,
                        "ToPort": -1,
                        "CidrIp": "0.0.0.0/0"
                    }
                ]
            }
        },
        "NetDevOneDefaultRoute": {
            "Type": "AWS::EC2::Route",
            "Properties": {
                "RouteTableId": {
                    "Ref": "NetDevOneRouteTable"
                },
                "DestinationCidrBlock": "0.0.0.0/0",
                "GatewayId": {
                    "Ref": "NDOneVPCGateway"
                }
            }
        },
        "NetDevOneRouteToPrem": {
            "Type": "AWS::EC2::Route",
            "Properties": {
                "RouteTableId": {
                    "Ref": "NetDevOneRouteTable"
                },
                "DestinationCidrBlock": "192.168.0.0/16",
                "TransitGatewayId": {
                    "Ref": "NetDevTransitGW"
                }
            },
            "DependsOn": "NetDevTransitGWAttach"
        },
        "NetDevOneRouteToPremTwo": {
            "Type": "AWS::EC2::Route",
            "Properties": {
                "RouteTableId": {
                    "Ref": "NetDevOneRouteTable"
                },
                "DestinationCidrBlock": "172.31.0.0/16",
                "TransitGatewayId": {
                    "Ref": "NetDevTransitGW"
                }
            },
            "DependsOn": "NetDevTransitGWAttach"
        },
        "NetDevCustGW": {
            "Type": "AWS::EC2::CustomerGateway",
            "Properties": {
                "BgpAsn": 65000,
                "IpAddress": "92.17.168.146",
                "Type": "ipsec.1"
            }
        },
        "NetDevVPNGW": {
            "Type": "AWS::EC2::VPNGateway",
            "Properties": {
                "Type": "ipsec.1"
            }
        },
        "NetDevVPNConnection": {
            "Type": "AWS::EC2::VPNConnection",
            "Properties": {
                "CustomerGatewayId": {
                    "Ref": "NetDevCustGW"
                },
                "Type": "ipsec.1",
                "TransitGatewayId": {
                    "Ref": "NetDevTransitGW"
                },
                "VpnTunnelOptionsSpecifications": [
                    {
                        "PreSharedKey": "1qazxsw2",
                        "TunnelInsideCidr": "169.254.45.64/30"
                    },
                    {
                        "PreSharedKey": "1qazxsw2",
                        "TunnelInsideCidr": "169.254.45.32/30"
                    }
                ]
            }
        },
        "NetDevVPNAttach": {
            "Type": "AWS::EC2::VPCGatewayAttachment",
            "Properties": {
                "VpnGatewayId": {
                    "Ref": "NetDevVPNGW"
                },
                "VpcId": {
                    "Ref": "NetDevOneVPC"
                }
            }
        },
        "NetDevVPNRoutePropagation": {
            "Type": "AWS::EC2::VPNGatewayRoutePropagation",
            "Properties": {
                "VpnGatewayId": {
                    "Ref": "NetDevVPNGW"
                },
                "RouteTableIds": [
                    {
                        "Ref": "NetDevOneRouteTable"
                    }
                ]
            },
            "DependsOn": "NetDevVPNAttach"
        },
        "NetDevTransitGW": {
            "Type": "AWS::EC2::TransitGateway",
            "Properties": {
                "AmazonSideAsn": 64512
            }
        },
        "NetDevTransitGWAttach": {
            "Type": "AWS::EC2::TransitGatewayAttachment",
            "Properties": {
                "TransitGatewayId": {
                    "Ref": "NetDevTransitGW"
                },
                "VpcId": {
                    "Ref": "NetDevOneVPC"
                },
                "SubnetIds": [
                    {
                        "Ref": "NetDevOneSubnetOne"
                    }
                ]
            }
        }
    }
}